timestamp,ip,user_agent,path,status,method
2025-05-07 01:35:58.232722,127.0.0.1,curl/8.7.1,/admin,200,GET
2025-05-07 01:43:22.016784,205.198.37.3,Googlebot/2.1 (+http://www.google.com/bot.html),/,200,GET
2025-05-07 01:43:22.472490,129.112.30.183,Bingbot/2.0 (+http://www.bing.com/bingbot.htm),/login,200,GET
2025-05-07 01:43:22.887787,89.229.241.166,curl/7.68.0,/cart,200,GET
2025-05-07 01:43:23.242801,218.110.66.43,curl/7.68.0,/search,200,GET
2025-05-07 01:43:23.580438,123.108.96.174,curl/7.68.0,/wp-login,200,GET
2025-05-07 01:43:23.927361,131.26.75.110,Bingbot/2.0 (+http://www.bing.com/bingbot.htm),/cart,200,GET
2025-05-07 01:43:24.158331,19.170.114.229,python-requests/2.25.1,/login,200,GET
2025-05-07 01:43:24.502520,161.229.88.93,Mozilla/5.0 (Windows NT 10.0; Win64; x64),/login,200,GET
2025-05-07 01:43:24.749890,115.101.114.121,python-requests/2.25.1,/,200,GET
2025-05-07 01:43:25.257737,191.17.33.8,curl/7.68.0,/secret-api,200,GET
2025-05-07 01:43:25.764702,90.75.244.156,python-requests/2.25.1,/search,200,GET
2025-05-07 01:43:26.100928,87.241.198.197,Googlebot/2.1 (+http://www.google.com/bot.html),/,200,GET
2025-05-07 01:43:26.605525,61.143.159.70,Bingbot/2.0 (+http://www.bing.com/bingbot.htm),/secret-api,200,GET
2025-05-07 01:43:27.013067,118.122.137.65,Mozilla/5.0 (Windows NT 10.0; Win64; x64),/secret-api,200,GET
2025-05-07 01:43:27.453761,128.165.128.72,Mozilla/5.0 (Windows NT 10.0; Win64; x64),/search,200,GET
2025-05-07 01:43:27.713801,157.226.250.9,Mozilla/5.0 (Macintosh; Intel Mac OS X 10_15_7),/search,200,GET
2025-05-07 01:43:28.220965,120.44.101.233,curl/7.68.0,/login,200,GET
2025-05-07 01:43:28.624624,134.159.59.175,Googlebot/2.1 (+http://www.google.com/bot.html),/admin,200,GET
2025-05-07 01:43:29.016881,201.141.166.200,Bingbot/2.0 (+http://www.bing.com/bingbot.htm),/secret-api,200,GET
2025-05-07 01:43:29.421738,33.96.46.102,Mozilla/5.0 (Macintosh; Intel Mac OS X 10_15_7),/login,200,GET
2025-05-07 01:43:29.733691,55.85.196.230,python-requests/2.25.1,/product/101,200,GET
2025-05-07 01:43:30.047833,17.16.16.123,Bingbot/2.0 (+http://www.bing.com/bingbot.htm),/,200,GET
2025-05-07 01:43:30.321713,99.65.116.100,Mozilla/5.0 (Macintosh; Intel Mac OS X 10_15_7),/search,200,GET
2025-05-07 01:43:30.595941,118.37.218.68,python-requests/2.25.1,/login,200,GET
2025-05-07 01:43:30.828426,138.187.67.201,python-requests/2.25.1,/wp-login,200,GET
2025-05-07 01:43:31.130419,56.7.124.219,Mozilla/5.0 (Macintosh; Intel Mac OS X 10_15_7),/cart,200,GET
2025-05-07 01:43:31.526976,66.17.132.24,Mozilla/5.0 (Macintosh; Intel Mac OS X 10_15_7),/admin,200,GET
2025-05-07 01:43:31.764535,9.46.248.47,Googlebot/2.1 (+http://www.google.com/bot.html),/search,200,GET
2025-05-07 01:43:32.234938,150.195.65.26,Mozilla/5.0 (Macintosh; Intel Mac OS X 10_15_7),/search,200,GET
2025-05-07 01:43:32.566742,192.136.188.146,python-requests/2.25.1,/login,200,GET
2025-05-07 01:43:33.006119,182.187.217.39,Mozilla/5.0 (Windows NT 10.0; Win64; x64),/,200,GET
2025-05-07 01:43:33.481074,218.67.35.34,Bingbot/2.0 (+http://www.bing.com/bingbot.htm),/cms-admin,200,GET
2025-05-07 01:43:33.936678,43.138.226.100,Bingbot/2.0 (+http://www.bing.com/bingbot.htm),/admin,200,GET
2025-05-07 01:43:34.310176,201.82.43.223,Googlebot/2.1 (+http://www.google.com/bot.html),/cart,200,GET
2025-05-07 01:43:34.687815,63.171.213.53,Mozilla/5.0 (Macintosh; Intel Mac OS X 10_15_7),/login,200,GET
2025-05-07 01:43:35.038144,23.34.85.253,Mozilla/5.0 (Macintosh; Intel Mac OS X 10_15_7),/login,200,GET
2025-05-07 01:43:35.326528,17.157.213.95,python-requests/2.25.1,/wp-login,200,GET
2025-05-07 01:43:35.548230,24.150.241.126,python-requests/2.25.1,/wp-login,200,GET
2025-05-07 01:43:35.927618,75.87.95.248,Googlebot/2.1 (+http://www.google.com/bot.html),/product/101,200,GET
2025-05-07 01:43:36.417414,140.74.241.175,Mozilla/5.0 (Macintosh; Intel Mac OS X 10_15_7),/,200,GET
2025-05-07 01:43:36.790229,134.132.143.3,Bingbot/2.0 (+http://www.bing.com/bingbot.htm),/hidden,200,GET
2025-05-07 01:43:37.085588,106.17.237.226,Googlebot/2.1 (+http://www.google.com/bot.html),/cart,200,GET
2025-05-07 01:43:37.372651,195.131.17.205,Googlebot/2.1 (+http://www.google.com/bot.html),/wp-login,200,GET
2025-05-07 01:43:37.667118,125.134.220.153,python-requests/2.25.1,/login,200,GET
2025-05-07 01:43:37.937875,51.132.37.120,Mozilla/5.0 (Windows NT 10.0; Win64; x64),/product/101,200,GET
2025-05-07 01:43:38.375691,180.85.186.147,Mozilla/5.0 (Macintosh; Intel Mac OS X 10_15_7),/secret-api,200,GET
2025-05-07 01:43:38.758673,48.156.40.124,Mozilla/5.0 (Windows NT 10.0; Win64; x64),/product/101,200,GET
2025-05-07 01:43:38.982177,116.9.87.244,python-requests/2.25.1,/admin,200,GET
2025-05-07 01:43:39.232209,69.246.174.24,curl/7.68.0,/cart,200,GET
2025-05-07 01:43:39.604822,65.37.162.105,Mozilla/5.0 (Windows NT 10.0; Win64; x64),/product/101,200,GET
2025-05-07 01:43:39.900921,116.165.148.219,Mozilla/5.0 (Macintosh; Intel Mac OS X 10_15_7),/hidden,200,GET
2025-05-07 01:43:40.160659,185.27.193.197,Mozilla/5.0 (Windows NT 10.0; Win64; x64),/product/101,200,GET
2025-05-07 01:43:40.376082,152.153.169.32,Mozilla/5.0 (Windows NT 10.0; Win64; x64),/login,200,GET
2025-05-07 01:43:40.653132,200.5.160.74,Mozilla/5.0 (Windows NT 10.0; Win64; x64),/search,200,GET
2025-05-07 01:43:41.121074,22.7.122.99,curl/7.68.0,/wp-login,200,GET
2025-05-07 01:43:41.437776,168.60.240.99,Googlebot/2.1 (+http://www.google.com/bot.html),/login,200,GET
2025-05-07 01:43:41.808963,31.32.29.30,curl/7.68.0,/product/101,200,GET
2025-05-07 01:43:42.029773,181.35.178.213,Mozilla/5.0 (Windows NT 10.0; Win64; x64),/product/101,200,GET
2025-05-07 01:43:42.541515,119.163.21.192,Mozilla/5.0 (Macintosh; Intel Mac OS X 10_15_7),/,200,GET
2025-05-07 01:43:42.759879,155.200.142.246,curl/7.68.0,/search,200,GET
2025-05-07 01:43:43.171539,187.237.28.43,Mozilla/5.0 (Macintosh; Intel Mac OS X 10_15_7),/login,200,GET
2025-05-07 01:43:43.547539,20.114.137.6,Mozilla/5.0 (Windows NT 10.0; Win64; x64),/product/101,200,GET
2025-05-07 01:43:43.851113,149.21.84.185,Mozilla/5.0 (Windows NT 10.0; Win64; x64),/login,200,GET
2025-05-07 01:43:44.113578,18.169.47.20,Bingbot/2.0 (+http://www.bing.com/bingbot.htm),/admin,200,GET
2025-05-07 01:43:44.501796,97.35.228.249,Mozilla/5.0 (Windows NT 10.0; Win64; x64),/product/101,200,GET
2025-05-07 01:43:44.867066,168.1.206.221,python-requests/2.25.1,/secret-api,200,GET
2025-05-07 01:43:45.226480,172.159.226.96,Bingbot/2.0 (+http://www.bing.com/bingbot.htm),/cart,200,GET
2025-05-07 01:43:45.677536,195.16.168.173,Googlebot/2.1 (+http://www.google.com/bot.html),/admin,200,GET
2025-05-07 01:43:45.951716,49.45.157.25,Mozilla/5.0 (Macintosh; Intel Mac OS X 10_15_7),/wp-login,200,GET
2025-05-07 01:43:46.332702,78.237.152.209,curl/7.68.0,/login,200,GET
2025-05-07 01:43:46.630985,33.91.191.223,Mozilla/5.0 (Macintosh; Intel Mac OS X 10_15_7),/login,200,GET
2025-05-07 01:43:47.015817,83.25.36.33,python-requests/2.25.1,/login,200,GET
2025-05-07 01:43:47.386060,218.132.118.142,python-requests/2.25.1,/cms-admin,200,GET
2025-05-07 01:43:47.835885,72.154.185.13,curl/7.68.0,/login,200,GET
2025-05-07 01:43:48.061996,152.213.160.121,Mozilla/5.0 (Windows NT 10.0; Win64; x64),/search,200,GET
2025-05-07 01:43:48.291545,135.174.223.250,Googlebot/2.1 (+http://www.google.com/bot.html),/search,200,GET
2025-05-07 01:43:48.698486,122.221.114.120,Mozilla/5.0 (Macintosh; Intel Mac OS X 10_15_7),/login,200,GET
2025-05-07 01:43:49.127297,187.215.72.104,Mozilla/5.0 (Macintosh; Intel Mac OS X 10_15_7),/wp-login,200,GET
2025-05-07 01:43:49.388881,150.142.214.74,python-requests/2.25.1,/product/101,200,GET
2025-05-07 01:43:49.665699,97.57.15.184,Googlebot/2.1 (+http://www.google.com/bot.html),/product/101,200,GET
2025-05-07 01:43:50.144811,13.86.135.31,python-requests/2.25.1,/product/101,200,GET
2025-05-07 01:43:50.362006,169.157.126.80,Googlebot/2.1 (+http://www.google.com/bot.html),/product/101,200,GET
2025-05-07 01:43:50.608296,69.138.187.81,Mozilla/5.0 (Windows NT 10.0; Win64; x64),/product/101,200,GET
2025-05-07 01:43:50.884365,121.126.247.164,curl/7.68.0,/admin,200,GET
2025-05-07 01:43:51.133932,213.149.64.223,Mozilla/5.0 (Macintosh; Intel Mac OS X 10_15_7),/hidden,200,GET
2025-05-07 01:43:51.592673,3.61.20.9,Mozilla/5.0 (Macintosh; Intel Mac OS X 10_15_7),/login,200,GET
2025-05-07 01:43:51.877088,187.13.212.98,Googlebot/2.1 (+http://www.google.com/bot.html),/admin,200,GET
2025-05-07 01:43:52.343351,89.127.37.105,curl/7.68.0,/product/101,200,GET
2025-05-07 01:43:52.759008,22.48.119.25,Bingbot/2.0 (+http://www.bing.com/bingbot.htm),/admin,200,GET
2025-05-07 01:43:52.985220,181.115.29.205,curl/7.68.0,/hidden,200,GET
2025-05-07 01:43:53.485411,139.82.82.93,Mozilla/5.0 (Windows NT 10.0; Win64; x64),/search,200,GET
2025-05-07 01:43:53.897565,95.110.172.101,Googlebot/2.1 (+http://www.google.com/bot.html),/cms-admin,200,GET
2025-05-07 01:43:54.242132,31.62.204.200,Mozilla/5.0 (Windows NT 10.0; Win64; x64),/hidden,200,GET
2025-05-07 01:43:54.660050,178.91.31.19,Mozilla/5.0 (Windows NT 10.0; Win64; x64),/cms-admin,200,GET
2025-05-07 01:43:54.869517,59.166.89.170,Mozilla/5.0 (Windows NT 10.0; Win64; x64),/cart,200,GET
2025-05-07 01:43:55.352487,108.192.186.188,python-requests/2.25.1,/,200,GET
2025-05-07 01:43:55.747044,68.106.214.243,curl/7.68.0,/login,200,GET
2025-05-07 01:43:56.145173,21.67.59.144,Bingbot/2.0 (+http://www.bing.com/bingbot.htm),/login,200,GET
2025-05-07 01:43:56.497241,195.156.195.147,curl/7.68.0,/secret-api,200,GET
2025-05-07 01:43:56.806451,121.69.79.93,python-requests/2.25.1,/,200,GET
2025-05-07 01:43:57.180686,111.250.145.56,Bingbot/2.0 (+http://www.bing.com/bingbot.htm),/cart,200,GET
2025-05-07 01:43:57.510516,109.124.155.24,Mozilla/5.0 (Macintosh; Intel Mac OS X 10_15_7),/product/101,200,GET
2025-05-07 01:43:57.793540,208.137.30.217,Bingbot/2.0 (+http://www.bing.com/bingbot.htm),/admin,200,GET
2025-05-07 01:43:58.167227,161.65.240.25,Mozilla/5.0 (Macintosh; Intel Mac OS X 10_15_7),/login,200,GET
2025-05-07 01:43:58.420092,153.212.191.185,Bingbot/2.0 (+http://www.bing.com/bingbot.htm),/product/101,200,GET
2025-05-07 01:43:58.831234,192.167.175.18,Mozilla/5.0 (Windows NT 10.0; Win64; x64),/hidden,200,GET
2025-05-07 01:43:59.131977,77.8.223.0,Mozilla/5.0 (Macintosh; Intel Mac OS X 10_15_7),/search,200,GET
2025-05-07 01:43:59.532520,166.51.159.16,curl/7.68.0,/admin,200,GET
2025-05-07 01:43:59.943837,17.190.2.33,Googlebot/2.1 (+http://www.google.com/bot.html),/search,200,GET
2025-05-07 01:44:00.309172,39.12.26.47,Mozilla/5.0 (Macintosh; Intel Mac OS X 10_15_7),/wp-login,200,GET
2025-05-07 01:44:00.605529,167.227.93.63,curl/7.68.0,/search,200,GET
2025-05-07 01:44:01.112553,7.101.116.92,curl/7.68.0,/cms-admin,200,GET
2025-05-07 01:44:01.423519,199.253.234.82,Mozilla/5.0 (Windows NT 10.0; Win64; x64),/secret-api,200,GET
2025-05-07 01:44:01.652903,193.131.154.210,curl/7.68.0,/secret-api,200,GET
2025-05-07 01:44:02.109777,93.55.173.146,python-requests/2.25.1,/secret-api,200,GET
2025-05-07 01:44:02.437550,78.10.186.111,curl/7.68.0,/login,200,GET
2025-05-07 01:44:02.812539,3.9.2.102,Googlebot/2.1 (+http://www.google.com/bot.html),/hidden,200,GET
2025-05-07 01:44:03.220983,187.144.0.11,Mozilla/5.0 (Windows NT 10.0; Win64; x64),/search,200,GET
2025-05-07 01:44:03.634283,71.13.86.161,Googlebot/2.1 (+http://www.google.com/bot.html),/admin,200,GET
2025-05-07 01:44:04.095856,128.181.83.82,Mozilla/5.0 (Windows NT 10.0; Win64; x64),/search,200,GET
2025-05-07 01:44:04.526243,152.199.197.68,Mozilla/5.0 (Macintosh; Intel Mac OS X 10_15_7),/hidden,200,GET
2025-05-07 01:44:04.984935,88.106.208.192,Mozilla/5.0 (Macintosh; Intel Mac OS X 10_15_7),/search,200,GET
2025-05-07 01:44:05.332868,163.194.229.246,curl/7.68.0,/secret-api,200,GET
2025-05-07 01:44:05.774322,11.163.219.77,Mozilla/5.0 (Windows NT 10.0; Win64; x64),/cart,200,GET
2025-05-07 01:44:06.203903,208.143.16.127,python-requests/2.25.1,/cms-admin,200,GET
2025-05-07 01:44:06.429338,207.45.52.140,python-requests/2.25.1,/secret-api,200,GET
2025-05-07 01:44:06.898162,158.199.125.200,curl/7.68.0,/product/101,200,GET
2025-05-07 01:44:07.338892,214.238.3.36,Bingbot/2.0 (+http://www.bing.com/bingbot.htm),/wp-login,200,GET
2025-05-07 01:44:07.652875,16.208.70.211,curl/7.68.0,/wp-login,200,GET
2025-05-07 01:44:08.152781,92.60.239.93,Mozilla/5.0 (Windows NT 10.0; Win64; x64),/,200,GET
2025-05-07 01:44:08.377034,80.244.16.134,Mozilla/5.0 (Windows NT 10.0; Win64; x64),/hidden,200,GET
2025-05-07 01:44:08.700247,137.53.95.199,curl/7.68.0,/cart,200,GET
2025-05-07 01:44:09.199042,177.236.169.81,Mozilla/5.0 (Windows NT 10.0; Win64; x64),/wp-login,200,GET
2025-05-07 01:44:09.610461,170.235.67.132,Googlebot/2.1 (+http://www.google.com/bot.html),/login,200,GET
2025-05-07 01:44:09.989922,177.48.194.40,Mozilla/5.0 (Windows NT 10.0; Win64; x64),/hidden,200,GET
2025-05-07 01:44:10.211432,120.71.43.34,Bingbot/2.0 (+http://www.bing.com/bingbot.htm),/login,200,GET
2025-05-07 01:44:10.712627,103.131.108.158,curl/7.68.0,/search,200,GET
2025-05-07 01:44:10.993045,151.104.31.63,Googlebot/2.1 (+http://www.google.com/bot.html),/admin,200,GET
2025-05-07 01:44:11.326475,201.253.184.40,curl/7.68.0,/cms-admin,200,GET
2025-05-07 01:44:11.566663,32.161.82.101,Mozilla/5.0 (Windows NT 10.0; Win64; x64),/,200,GET
2025-05-07 01:44:12.039615,206.30.8.152,Googlebot/2.1 (+http://www.google.com/bot.html),/hidden,200,GET
2025-05-07 01:44:12.543775,23.233.68.157,python-requests/2.25.1,/search,200,GET
2025-05-07 01:44:12.902579,53.160.128.115,Googlebot/2.1 (+http://www.google.com/bot.html),/search,200,GET
2025-05-07 01:44:13.253739,124.72.97.24,python-requests/2.25.1,/product/101,200,GET
2025-05-07 01:44:13.495311,13.97.109.142,Bingbot/2.0 (+http://www.bing.com/bingbot.htm),/search,200,GET
2025-05-07 01:44:13.734630,56.242.155.215,Mozilla/5.0 (Macintosh; Intel Mac OS X 10_15_7),/,200,GET
2025-05-07 01:44:13.991329,43.123.162.61,Mozilla/5.0 (Windows NT 10.0; Win64; x64),/,200,GET
2025-05-07 01:44:14.387472,62.209.125.16,curl/7.68.0,/admin,200,GET
2025-05-07 01:44:14.649004,94.41.93.142,Mozilla/5.0 (Macintosh; Intel Mac OS X 10_15_7),/login,200,GET
2025-05-07 01:44:15.132326,53.7.71.171,Mozilla/5.0 (Macintosh; Intel Mac OS X 10_15_7),/cart,200,GET
